{"cameraMode":{"drawMode":0,"name":"Shaded","section":"Shading Mode"},"sceneLighting":false,"audioPlay":false,"sceneViewState":{"showFog":true,"showMaterialUpdate":false,"showSkybox":false,"showFlares":true,"showImageEffects":true,"showParticleSystems":true,"showVisualEffectGraphs":true,"m_FxEnabled":true},"in2DMode":false,"pivot":{"x":-1.1920928955078126e-7,"y":0.1592525839805603,"z":1.1920928955078126e-7},"rotation":{"x":0.01294352114200592,"y":-0.9824039936065674,"z":0.07717736810445786,"w":0.17148564755916596},"size":2.2427821159362795,"orthographic":false}