{"cameraMode":{"drawMode":0,"name":"Shaded","section":"Shading Mode"},"sceneLighting":true,"audioPlay":false,"sceneViewState":{"showFog":true,"showMaterialUpdate":false,"showSkybox":true,"showFlares":true,"showImageEffects":true,"showParticleSystems":true,"showVisualEffectGraphs":true,"m_FxEnabled":true},"in2DMode":false,"pivot":{"x":-0.607192873954773,"y":2.5876522064208986,"z":10.286219596862793},"rotation":{"x":0.0027125210035592319,"y":0.9887906908988953,"z":-0.14823724329471589,"w":0.01809677481651306},"size":5.531491279602051,"orthographic":false}