{"cameraMode":{"drawMode":0,"name":"Shaded","section":"Shading Mode"},"sceneLighting":true,"audioPlay":false,"sceneViewState":{"showFog":true,"showMaterialUpdate":false,"showSkybox":true,"showFlares":true,"showImageEffects":true,"showParticleSystems":true,"showVisualEffectGraphs":true,"m_FxEnabled":true},"in2DMode":false,"pivot":{"x":-73.20570373535156,"y":18.836816787719728,"z":-3.865788221359253},"rotation":{"x":0.003955627325922251,"y":-0.9714288711547852,"z":-0.015701226890087129,"w":-0.2371053546667099},"size":16.960405349731447,"orthographic":false}