{"cameraMode":{"drawMode":0,"name":"Shaded","section":"Shading Mode"},"sceneLighting":true,"audioPlay":false,"sceneViewState":{"showFog":true,"showMaterialUpdate":false,"showSkybox":true,"showFlares":true,"showImageEffects":true,"showParticleSystems":true,"showVisualEffectGraphs":true,"m_FxEnabled":true},"in2DMode":false,"pivot":{"x":-113.20999908447266,"y":1.5184268951416016,"z":29.394702911376954},"rotation":{"x":-0.014468330889940262,"y":-0.9697619080543518,"z":0.06006420776247978,"w":-0.2370445877313614},"size":4.704644680023193,"orthographic":false}