{"cameraMode":{"drawMode":0,"name":"Shaded","section":"Shading Mode"},"sceneLighting":true,"audioPlay":false,"sceneViewState":{"showFog":true,"showMaterialUpdate":false,"showSkybox":true,"showFlares":true,"showImageEffects":true,"showParticleSystems":true,"showVisualEffectGraphs":true,"m_FxEnabled":true},"in2DMode":false,"pivot":{"x":-1.1895153522491456,"y":-3.0792031288146974,"z":0.43436360359191897},"rotation":{"x":0.12546439468860627,"y":-0.8687007427215576,"z":0.2804787755012512,"w":0.38856732845306399},"size":13.922569274902344,"orthographic":false}