{"cameraMode":{"drawMode":0,"name":"Shaded","section":"Shading Mode"},"sceneLighting":true,"audioPlay":false,"sceneViewState":{"showFog":true,"showMaterialUpdate":false,"showSkybox":true,"showFlares":true,"showImageEffects":true,"showParticleSystems":true,"showVisualEffectGraphs":true,"m_FxEnabled":true},"in2DMode":false,"pivot":{"x":8.746162414550782,"y":0.6988695859909058,"z":6.1111650466918949},"rotation":{"x":0.01032788585871458,"y":-0.9399666786193848,"z":0.02849082462489605,"w":0.34002816677093508},"size":2.0746490955352785,"orthographic":false}