{"cameraMode":{"drawMode":0,"name":"Shaded","section":"Shading Mode"},"sceneLighting":true,"audioPlay":false,"sceneViewState":{"showFog":true,"showMaterialUpdate":false,"showSkybox":true,"showFlares":true,"showImageEffects":true,"showParticleSystems":true,"showVisualEffectGraphs":true,"m_FxEnabled":true},"in2DMode":false,"pivot":{"x":0.9822186231613159,"y":-9.069416046142579,"z":-11.986259460449219},"rotation":{"x":-0.006722049321979284,"y":-0.9626152515411377,"z":0.2698432207107544,"w":-0.023972678929567338},"size":19.358028411865236,"orthographic":false}