{"cameraMode":{"drawMode":0,"name":"Shaded","section":"Shading Mode"},"sceneLighting":true,"audioPlay":false,"sceneViewState":{"showFog":true,"showMaterialUpdate":false,"showSkybox":true,"showFlares":true,"showImageEffects":true,"showParticleSystems":true,"showVisualEffectGraphs":true,"m_FxEnabled":true},"in2DMode":false,"pivot":{"x":-101.95142364501953,"y":26.456621170043947,"z":52.335601806640628},"rotation":{"x":-0.007181281223893166,"y":-0.9752787351608276,"z":0.2204369604587555,"w":-0.028859976679086686},"size":1.3721435070037842,"orthographic":false}