{"cameraMode":{"drawMode":0,"name":"Shaded","section":"Shading Mode"},"sceneLighting":true,"audioPlay":false,"sceneViewState":{"showFog":true,"showMaterialUpdate":false,"showSkybox":true,"showFlares":true,"showImageEffects":true,"showParticleSystems":true,"showVisualEffectGraphs":true,"m_FxEnabled":true},"in2DMode":false,"pivot":{"x":-67.77893829345703,"y":4.8166608810424809,"z":24.311349868774415},"rotation":{"x":-0.0009341922122985125,"y":-0.9807177782058716,"z":0.19707338511943818,"w":-0.0025922213681042196},"size":14.920056343078614,"orthographic":false}